technique,project_name,method_idx,buggy_method_idx
NatGen,commons-cli,183,1
NatGen,commons-cli,183,2
NatGen,commons-cli,29,2
NatGen,commons-cli,29,3
NatGen,commons-cli,35,2
NatGen,commons-codec,119,1
NatGen,commons-codec,119,3
NatGen,commons-codec,168,1
NatGen,commons-codec,279,1
NatGen,commons-codec,279,3
NatGen,commons-codec,38,3
NatGen,commons-collections,1169,3
NatGen,commons-collections,1258,3
NatGen,commons-collections,13,1
NatGen,commons-collections,13,3
NatGen,commons-collections,1484,1
NatGen,commons-collections,1551,3
NatGen,commons-collections,156,1
NatGen,commons-collections,1606,1
NatGen,commons-collections,1696,1
NatGen,commons-collections,1708,1
NatGen,commons-collections,1748,1
NatGen,commons-collections,1915,1
NatGen,commons-collections,1949,1
NatGen,commons-collections,2010,1
NatGen,commons-collections,2023,2
NatGen,commons-collections,2033,3
NatGen,commons-collections,2057,1
NatGen,commons-collections,2204,1
NatGen,commons-collections,2283,2
NatGen,commons-collections,2288,3
NatGen,commons-collections,2307,1
NatGen,commons-collections,2307,3
NatGen,commons-collections,232,1
NatGen,commons-collections,232,2
NatGen,commons-collections,2359,2
NatGen,commons-collections,2468,2
NatGen,commons-collections,2551,3
NatGen,commons-collections,2621,3
NatGen,commons-collections,277,1
NatGen,commons-collections,2793,1
NatGen,commons-collections,2841,3
NatGen,commons-collections,2927,1
NatGen,commons-collections,3186,2
NatGen,commons-collections,3186,3
NatGen,commons-collections,3223,1
NatGen,commons-collections,3327,1
NatGen,commons-collections,3327,3
NatGen,commons-collections,3504,3
NatGen,commons-collections,3514,2
NatGen,commons-collections,3650,1
NatGen,commons-collections,3801,3
NatGen,commons-collections,3905,2
NatGen,commons-collections,4178,1
NatGen,commons-collections,4178,3
NatGen,commons-collections,4228,1
NatGen,commons-collections,4256,1
NatGen,commons-collections,648,2
NatGen,commons-collections,722,1
NatGen,commons-collections,745,3
NatGen,commons-collections,913,3
NatGen,commons-collections,986,2
NatGen,commons-compress,1390,2
NatGen,commons-compress,1390,3
NatGen,commons-compress,3973,2
NatGen,commons-compress,4073,1
NatGen,commons-compress,4095,1
NatGen,commons-compress,936,1
NatGen,commons-compress,965,3
NatGen,commons-jxpath,1019,3
NatGen,commons-jxpath,1070,1
NatGen,commons-jxpath,1070,2
NatGen,commons-jxpath,1080,3
NatGen,commons-jxpath,1126,3
NatGen,commons-jxpath,1304,3
NatGen,commons-jxpath,284,2
NatGen,commons-jxpath,284,3
NatGen,commons-jxpath,36,2
NatGen,commons-jxpath,738,1
NatGen,commons-jxpath,996,2
NatGen,commons-lang,106,1
NatGen,commons-lang,1140,2
NatGen,commons-lang,122,3
NatGen,commons-lang,1220,1
NatGen,commons-lang,1253,1
NatGen,commons-lang,1265,2
NatGen,commons-lang,1272,3
NatGen,commons-lang,1335,1
NatGen,commons-lang,1375,1
NatGen,commons-lang,1375,3
NatGen,commons-lang,144,1
NatGen,commons-lang,1457,2
NatGen,commons-lang,1521,3
NatGen,commons-lang,153,1
NatGen,commons-lang,170,1
NatGen,commons-lang,204,1
NatGen,commons-lang,2127,1
NatGen,commons-lang,2146,2
NatGen,commons-lang,2186,3
NatGen,commons-lang,2231,3
NatGen,commons-lang,2233,1
NatGen,commons-lang,2233,3
NatGen,commons-lang,2261,3
NatGen,commons-lang,2324,3
NatGen,commons-lang,2396,2
NatGen,commons-lang,2396,3
NatGen,commons-lang,2416,3
NatGen,commons-lang,2440,3
NatGen,commons-lang,2491,2
NatGen,commons-lang,2511,3
NatGen,commons-lang,2571,2
NatGen,commons-lang,2646,1
NatGen,commons-lang,2654,3
NatGen,commons-lang,2669,2
NatGen,commons-lang,2697,3
NatGen,commons-lang,283,2
NatGen,commons-lang,3023,1
NatGen,commons-lang,32,2
NatGen,commons-lang,3212,2
NatGen,commons-lang,327,1
NatGen,commons-lang,327,2
NatGen,commons-lang,3379,3
NatGen,commons-lang,3408,1
NatGen,commons-lang,3408,3
NatGen,commons-lang,3526,2
NatGen,commons-lang,3545,2
NatGen,commons-lang,3586,1
NatGen,commons-lang,3603,3
NatGen,commons-lang,362,3
NatGen,commons-lang,3633,1
NatGen,commons-lang,3633,3
NatGen,commons-lang,3634,1
NatGen,commons-lang,3634,3
NatGen,commons-lang,3711,2
NatGen,commons-lang,3717,1
NatGen,commons-lang,3717,3
NatGen,commons-lang,374,1
NatGen,commons-lang,3747,3
NatGen,commons-lang,404,1
NatGen,commons-lang,441,2
NatGen,commons-lang,534,2
NatGen,commons-lang,55,1
NatGen,commons-lang,576,3
NatGen,commons-lang,637,1
NatGen,commons-lang,671,1
NatGen,commons-lang,692,3
NatGen,commons-lang,734,1
NatGen,commons-lang,808,3
NatGen,commons-lang,875,2
NatGen,commons-lang,875,3
NatGen,commons-math,1117,3
NatGen,commons-math,1122,2
NatGen,commons-math,1132,1
NatGen,commons-math,1834,1
NatGen,commons-math,1839,1
NatGen,commons-math,1887,3
NatGen,commons-math,1930,3
NatGen,commons-math,1989,1
NatGen,commons-math,2046,1
NatGen,commons-math,2054,3
NatGen,commons-math,2101,1
NatGen,commons-math,2390,3
NatGen,commons-math,2398,2
NatGen,commons-math,2530,2
NatGen,commons-math,3370,1
NatGen,commons-math,4524,3
NatGen,commons-math,4531,2
NatGen,commons-math,4535,2
NatGen,commons-math,4542,2
NatGen,commons-math,4543,1
NatGen,commons-math,4613,2
NatGen,commons-math,4767,2
NatGen,commons-math,4825,2
NatGen,commons-math,4951,1
NatGen,commons-math,5020,2
NatGen,commons-math,5020,3
NatGen,commons-math,5025,1
NatGen,commons-math,5025,2
NatGen,commons-math,5055,1
NatGen,commons-math,5638,3
NatGen,commons-math,891,1
NatGen,gson,599,2
NatGen,gson,617,1
NatGen,jackson-core,1135,3
NatGen,jackson-core,1176,3
NatGen,jackson-core,1225,1
NatGen,jackson-core,1301,3
NatGen,jackson-core,2212,3
NatGen,jackson-core,2253,3
NatGen,jackson-core,2281,3
NatGen,jackson-core,2422,2
NatGen,jackson-core,2528,2
NatGen,jackson-core,2546,3
NatGen,jackson-core,2616,1
NatGen,jackson-core,585,1
NatGen,jackson-core,616,1
NatGen,jackson-core,675,1
NatGen,jackson-core,728,3
NatGen,jackson-databind,1176,2
NatGen,jackson-databind,1176,3
NatGen,jackson-databind,1211,2
NatGen,jackson-databind,1383,1
NatGen,jackson-databind,1520,2
NatGen,jackson-databind,1650,3
NatGen,jackson-databind,1660,1
NatGen,jackson-databind,205,1
NatGen,jackson-databind,2073,1
NatGen,jackson-databind,2073,3
NatGen,jackson-databind,2698,3
NatGen,jackson-databind,2841,3
NatGen,jackson-databind,2873,2
NatGen,jackson-databind,2930,3
NatGen,jackson-databind,3625,2
NatGen,jackson-databind,392,2
NatGen,jackson-databind,3974,2
NatGen,jackson-databind,3974,3
NatGen,jackson-databind,4028,3
NatGen,jackson-databind,4111,2
NatGen,jackson-databind,417,2
NatGen,jackson-databind,417,3
NatGen,jackson-databind,497,3
NatGen,jackson-databind,5269,1
NatGen,jackson-databind,5304,1
NatGen,jackson-databind,5316,2
NatGen,jackson-databind,5417,1
NatGen,jackson-databind,5617,3
NatGen,jackson-databind,5649,1
NatGen,jackson-databind,5665,1
NatGen,jackson-databind,5665,3
NatGen,jackson-databind,6078,3
NatGen,jackson-databind,641,3
NatGen,jackson-databind,7031,3
NatGen,jackson-databind,7221,2
NatGen,jackson-databind,950,1
NatGen,jackson-databind,950,3
NatGen,jackson-dataformat-xml,294,3
NatGen,jackson-dataformat-xml,469,3
NatGen,jackson-dataformat-xml,522,3
NatGen,jfreechart,1081,2
NatGen,jfreechart,1779,2
NatGen,jfreechart,1866,3
NatGen,jfreechart,2026,2
NatGen,jfreechart,3162,1
NatGen,jfreechart,627,1
NatGen,jfreechart,6713,1
NatGen,jfreechart,6761,3
NatGen,jfreechart,7017,3
NatGen,jfreechart,8128,2
NatGen,jfreechart,8128,3
NatGen,jfreechart,8168,2
NatGen,jfreechart,8211,2
NatGen,joda-time,1023,3
NatGen,joda-time,1073,3
NatGen,joda-time,1419,1
NatGen,joda-time,1650,1
NatGen,joda-time,1745,1
NatGen,joda-time,1771,1
NatGen,joda-time,1822,3
NatGen,joda-time,1830,1
NatGen,joda-time,1850,3
NatGen,joda-time,2141,2
NatGen,joda-time,2303,3
NatGen,joda-time,2363,3
NatGen,joda-time,2409,1
NatGen,joda-time,2448,3
NatGen,joda-time,2460,2
NatGen,joda-time,251,2
NatGen,joda-time,2548,2
NatGen,joda-time,2935,3
NatGen,joda-time,2969,3
NatGen,joda-time,3010,3
NatGen,joda-time,3049,2
NatGen,joda-time,3081,1
NatGen,joda-time,3142,2
NatGen,joda-time,3176,2
NatGen,joda-time,3264,1
NatGen,joda-time,3303,1
NatGen,joda-time,3419,1
NatGen,joda-time,3419,2
NatGen,joda-time,3677,2
NatGen,joda-time,3854,2
NatGen,joda-time,655,1
NatGen,joda-time,655,2
NatGen,joda-time,668,3
NatGen,joda-time,760,3
NatGen,joda-time,797,2
NatGen,joda-time,807,3
NatGen,joda-time,819,3
NatGen,joda-time,911,3
NatGen,jsoup,1148,1
NatGen,jsoup,1197,2
NatGen,jsoup,1363,3
NatGen,jsoup,1408,2
NatGen,jsoup,1408,3
NatGen,jsoup,267,1
NatGen,jsoup,267,3
NatGen,jsoup,290,1
NatGen,jsoup,436,1
NatGen,jsoup,471,2
NatGen,jsoup,71,2
codebert,commons-cli,11,3
codebert,commons-cli,225,3
codebert,commons-codec,279,2
codebert,commons-codec,279,3
codebert,commons-codec,38,2
codebert,commons-codec,38,3
codebert,commons-collections,1093,1
codebert,commons-collections,1169,1
codebert,commons-collections,1169,3
codebert,commons-collections,1258,1
codebert,commons-collections,1467,1
codebert,commons-collections,1606,1
codebert,commons-collections,1682,3
codebert,commons-collections,1708,1
codebert,commons-collections,1748,1
codebert,commons-collections,1779,3
codebert,commons-collections,1779,3
codebert,commons-collections,1854,3
codebert,commons-collections,1872,1
codebert,commons-collections,188,1
codebert,commons-collections,1947,3
codebert,commons-collections,1982,1
codebert,commons-collections,2033,1
codebert,commons-collections,2066,3
codebert,commons-collections,2204,1
codebert,commons-collections,232,1
codebert,commons-collections,2468,2
codebert,commons-collections,2551,1
codebert,commons-collections,2586,3
codebert,commons-collections,2665,3
codebert,commons-collections,2672,3
codebert,commons-collections,2793,2
codebert,commons-collections,2913,1
codebert,commons-collections,2920,2
codebert,commons-collections,2920,3
codebert,commons-collections,3000,3
codebert,commons-collections,3109,2
codebert,commons-collections,3110,2
codebert,commons-collections,3186,3
codebert,commons-collections,3255,1
codebert,commons-collections,3263,1
codebert,commons-collections,3416,2
codebert,commons-collections,3416,3
codebert,commons-collections,3418,2
codebert,commons-collections,3492,2
codebert,commons-collections,3504,2
codebert,commons-collections,3504,3
codebert,commons-collections,3514,3
codebert,commons-collections,4058,2
codebert,commons-collections,4178,1
codebert,commons-collections,4178,2
codebert,commons-collections,4228,3
codebert,commons-collections,4256,1
codebert,commons-collections,475,2
codebert,commons-collections,693,3
codebert,commons-collections,745,2
codebert,commons-collections,871,1
codebert,commons-collections,978,3
codebert,commons-collections,984,1
codebert,commons-compress,1009,2
codebert,commons-compress,1390,3
codebert,commons-compress,3986,1
codebert,commons-compress,3986,2
codebert,commons-compress,4073,1
codebert,commons-compress,936,3
codebert,commons-compress,965,3
codebert,commons-jxpath,1009,3
codebert,commons-jxpath,1019,3
codebert,commons-jxpath,1070,1
codebert,commons-jxpath,1304,3
codebert,commons-jxpath,36,3
codebert,commons-jxpath,496,3
codebert,commons-jxpath,662,1
codebert,commons-jxpath,662,2
codebert,commons-jxpath,738,3
codebert,commons-jxpath,818,2
codebert,commons-jxpath,818,3
codebert,commons-jxpath,999,3
codebert,commons-lang,1068,2
codebert,commons-lang,1072,2
codebert,commons-lang,1119,2
codebert,commons-lang,1140,3
codebert,commons-lang,1167,1
codebert,commons-lang,122,3
codebert,commons-lang,1375,1
codebert,commons-lang,138,1
codebert,commons-lang,138,2
codebert,commons-lang,1420,1
codebert,commons-lang,1521,2
codebert,commons-lang,153,1
codebert,commons-lang,1682,3
codebert,commons-lang,170,3
codebert,commons-lang,2146,3
codebert,commons-lang,2163,2
codebert,commons-lang,2202,1
codebert,commons-lang,2239,2
codebert,commons-lang,2246,2
codebert,commons-lang,2261,3
codebert,commons-lang,2262,3
codebert,commons-lang,2262,3
codebert,commons-lang,2269,1
codebert,commons-lang,2270,1
codebert,commons-lang,2270,2
codebert,commons-lang,2279,1
codebert,commons-lang,2298,2
codebert,commons-lang,2302,3
codebert,commons-lang,2324,2
codebert,commons-lang,2335,1
codebert,commons-lang,2335,2
codebert,commons-lang,2416,1
codebert,commons-lang,2434,1
codebert,commons-lang,2464,3
codebert,commons-lang,2491,3
codebert,commons-lang,2522,1
codebert,commons-lang,2535,1
codebert,commons-lang,2666,2
codebert,commons-lang,283,1
codebert,commons-lang,3023,1
codebert,commons-lang,3138,3
codebert,commons-lang,327,1
codebert,commons-lang,3379,2
codebert,commons-lang,3439,1
codebert,commons-lang,3439,2
codebert,commons-lang,3464,2
codebert,commons-lang,3526,1
codebert,commons-lang,3526,3
codebert,commons-lang,3586,1
codebert,commons-lang,362,3
codebert,commons-lang,3634,2
codebert,commons-lang,3685,2
codebert,commons-lang,3717,2
codebert,commons-lang,3717,3
codebert,commons-lang,3750,2
codebert,commons-lang,3764,1
codebert,commons-lang,404,2
codebert,commons-lang,404,3
codebert,commons-lang,422,1
codebert,commons-lang,422,2
codebert,commons-lang,442,2
codebert,commons-lang,453,1
codebert,commons-lang,453,2
codebert,commons-lang,576,3
codebert,commons-lang,671,1
codebert,commons-lang,7,3
codebert,commons-lang,750,2
codebert,commons-lang,750,3
codebert,commons-math,1506,1
codebert,commons-math,1638,1
codebert,commons-math,1699,2
codebert,commons-math,1854,1
codebert,commons-math,2004,2
codebert,commons-math,2013,2
codebert,commons-math,2042,2
codebert,commons-math,3532,1
codebert,commons-math,4038,2
codebert,commons-math,4081,2
codebert,commons-math,4081,3
codebert,commons-math,4108,2
codebert,commons-math,4649,2
codebert,commons-math,4672,1
codebert,commons-math,4687,1
codebert,commons-math,4976,3
codebert,commons-math,4984,3
codebert,gson,617,1
codebert,jackson-core,1057,1
codebert,jackson-core,1057,2
codebert,jackson-core,1151,2
codebert,jackson-core,1225,1
codebert,jackson-core,1225,2
codebert,jackson-core,1242,1
codebert,jackson-core,1242,3
codebert,jackson-core,1385,1
codebert,jackson-core,1405,2
codebert,jackson-core,1410,1
codebert,jackson-core,1437,1
codebert,jackson-core,1437,2
codebert,jackson-core,1456,2
codebert,jackson-core,1466,2
codebert,jackson-core,1537,1
codebert,jackson-core,2256,1
codebert,jackson-core,2422,3
codebert,jackson-core,2427,3
codebert,jackson-core,2528,2
codebert,jackson-core,2616,2
codebert,jackson-core,616,1
codebert,jackson-core,616,2
codebert,jackson-core,675,1
codebert,jackson-core,728,2
codebert,jackson-core,728,3
codebert,jackson-databind,1203,3
codebert,jackson-databind,1211,1
codebert,jackson-databind,1218,2
codebert,jackson-databind,1277,3
codebert,jackson-databind,1383,3
codebert,jackson-databind,1649,3
codebert,jackson-databind,1650,1
codebert,jackson-databind,1650,2
codebert,jackson-databind,1779,2
codebert,jackson-databind,2587,2
codebert,jackson-databind,259,2
codebert,jackson-databind,2698,1
codebert,jackson-databind,2792,2
codebert,jackson-databind,2798,1
codebert,jackson-databind,2799,1
codebert,jackson-databind,2799,2
codebert,jackson-databind,2873,2
codebert,jackson-databind,2930,1
codebert,jackson-databind,3085,2
codebert,jackson-databind,3517,2
codebert,jackson-databind,3517,3
codebert,jackson-databind,3625,1
codebert,jackson-databind,3625,3
codebert,jackson-databind,3638,2
codebert,jackson-databind,383,1
codebert,jackson-databind,3974,1
codebert,jackson-databind,3974,3
codebert,jackson-databind,4028,2
codebert,jackson-databind,4042,3
codebert,jackson-databind,4111,3
codebert,jackson-databind,419,3
codebert,jackson-databind,472,1
codebert,jackson-databind,505,1
codebert,jackson-databind,5050,2
codebert,jackson-databind,517,1
codebert,jackson-databind,5229,3
codebert,jackson-databind,5304,1
codebert,jackson-databind,5304,2
codebert,jackson-databind,5357,1
codebert,jackson-databind,5390,2
codebert,jackson-databind,6078,3
codebert,jackson-databind,6721,1
codebert,jackson-databind,6721,2
codebert,jackson-databind,6745,3
codebert,jackson-databind,6816,1
codebert,jackson-databind,6942,3
codebert,jackson-databind,6961,3
codebert,jackson-databind,7015,3
codebert,jackson-databind,710,1
codebert,jackson-databind,7424,3
codebert,jackson-databind,7426,3
codebert,jackson-databind,7514,2
codebert,jackson-databind,7692,2
codebert,jackson-databind,852,3
codebert,jackson-databind,889,1
codebert,jackson-dataformat-xml,49,3
codebert,jfreechart,1657,1
codebert,jfreechart,1714,3
codebert,jfreechart,1866,2
codebert,jfreechart,2026,1
codebert,jfreechart,3162,1
codebert,jfreechart,3347,2
codebert,jfreechart,6389,2
codebert,jfreechart,6713,3
codebert,jfreechart,7009,3
codebert,jfreechart,7017,2
codebert,jfreechart,8052,3
codebert,joda-time,1031,3
codebert,joda-time,1606,2
codebert,joda-time,1655,3
codebert,joda-time,1697,2
codebert,joda-time,1744,1
codebert,joda-time,1984,1
codebert,joda-time,2164,1
codebert,joda-time,2172,2
codebert,joda-time,2303,3
codebert,joda-time,2363,1
codebert,joda-time,2409,1
codebert,joda-time,2409,2
codebert,joda-time,2427,1
codebert,joda-time,2427,2
codebert,joda-time,2448,2
codebert,joda-time,2528,1
codebert,joda-time,2528,2
codebert,joda-time,2548,3
codebert,joda-time,2658,1
codebert,joda-time,2658,2
codebert,joda-time,2958,2
codebert,joda-time,3005,1
codebert,joda-time,3006,1
codebert,joda-time,3017,2
codebert,joda-time,3049,2
codebert,joda-time,3176,3
codebert,joda-time,3225,2
codebert,joda-time,3266,1
codebert,joda-time,3854,1
codebert,joda-time,3854,2
codebert,joda-time,3855,3
codebert,joda-time,640,3
codebert,joda-time,718,3
codebert,joda-time,911,3
codebert,jsoup,113,3
codebert,jsoup,1148,1
codebert,jsoup,1220,3
codebert,jsoup,1266,1
codebert,jsoup,1296,1
codebert,jsoup,1363,3
codebert,jsoup,1590,2
codebert,jsoup,1594,3
codebert,jsoup,436,1
codebert,jsoup,579,1
codet5,commons-cli,155,2
codet5,commons-cli,270,1
codet5,commons-cli,29,2
codet5,commons-codec,279,2
codet5,commons-codec,279,3
codet5,commons-codec,38,2
codet5,commons-codec,48,1
codet5,commons-collections,13,2
codet5,commons-collections,1315,1
codet5,commons-collections,1467,2
codet5,commons-collections,1467,3
codet5,commons-collections,1537,1
codet5,commons-collections,1606,1
codet5,commons-collections,1606,2
codet5,commons-collections,1682,3
codet5,commons-collections,1696,1
codet5,commons-collections,1699,2
codet5,commons-collections,1708,1
codet5,commons-collections,1708,2
codet5,commons-collections,188,3
codet5,commons-collections,1899,1
codet5,commons-collections,1915,1
codet5,commons-collections,2023,2
codet5,commons-collections,2033,3
codet5,commons-collections,2057,3
codet5,commons-collections,2066,1
codet5,commons-collections,2160,3
codet5,commons-collections,2177,3
codet5,commons-collections,2183,2
codet5,commons-collections,2204,1
codet5,commons-collections,2307,2
codet5,commons-collections,2398,1
codet5,commons-collections,2398,3
codet5,commons-collections,2551,3
codet5,commons-collections,2586,2
codet5,commons-collections,2621,2
codet5,commons-collections,2672,1
codet5,commons-collections,2682,3
codet5,commons-collections,2719,1
codet5,commons-collections,2753,1
codet5,commons-collections,2913,1
codet5,commons-collections,3180,2
codet5,commons-collections,3231,3
codet5,commons-collections,3469,1
codet5,commons-collections,3589,3
codet5,commons-collections,3801,3
codet5,commons-collections,3957,3
codet5,commons-collections,4178,1
codet5,commons-collections,46,3
codet5,commons-collections,624,1
codet5,commons-collections,624,2
codet5,commons-collections,745,2
codet5,commons-collections,745,3
codet5,commons-collections,986,1
codet5,commons-compress,1011,2
codet5,commons-compress,3986,3
codet5,commons-compress,4095,1
codet5,commons-compress,4095,3
codet5,commons-compress,4107,1
codet5,commons-compress,965,3
codet5,commons-jxpath,1019,3
codet5,commons-jxpath,1096,1
codet5,commons-jxpath,1304,1
codet5,commons-jxpath,284,1
codet5,commons-jxpath,284,2
codet5,commons-jxpath,36,2
codet5,commons-jxpath,452,2
codet5,commons-jxpath,452,3
codet5,commons-jxpath,555,1
codet5,commons-jxpath,555,3
codet5,commons-jxpath,562,1
codet5,commons-jxpath,562,2
codet5,commons-jxpath,567,1
codet5,commons-jxpath,567,3
codet5,commons-jxpath,589,1
codet5,commons-jxpath,589,2
codet5,commons-jxpath,662,1
codet5,commons-jxpath,678,2
codet5,commons-jxpath,697,1
codet5,commons-jxpath,773,2
codet5,commons-jxpath,930,1
codet5,commons-jxpath,930,2
codet5,commons-jxpath,996,3
codet5,commons-jxpath,999,3
codet5,commons-lang,1045,2
codet5,commons-lang,1175,2
codet5,commons-lang,121,2
codet5,commons-lang,1220,2
codet5,commons-lang,1228,2
codet5,commons-lang,1253,1
codet5,commons-lang,1265,2
codet5,commons-lang,1265,3
codet5,commons-lang,1277,1
codet5,commons-lang,1277,3
codet5,commons-lang,128,1
codet5,commons-lang,128,3
codet5,commons-lang,1420,1
codet5,commons-lang,1521,3
codet5,commons-lang,153,2
codet5,commons-lang,1608,2
codet5,commons-lang,1647,3
codet5,commons-lang,170,1
codet5,commons-lang,1715,3
codet5,commons-lang,199,3
codet5,commons-lang,2139,2
codet5,commons-lang,2139,3
codet5,commons-lang,2146,3
codet5,commons-lang,2261,3
codet5,commons-lang,2270,2
codet5,commons-lang,2288,3
codet5,commons-lang,2294,3
codet5,commons-lang,2298,3
codet5,commons-lang,2324,3
codet5,commons-lang,2335,3
codet5,commons-lang,2379,3
codet5,commons-lang,2396,2
codet5,commons-lang,2400,2
codet5,commons-lang,2420,3
codet5,commons-lang,2431,2
codet5,commons-lang,2431,3
codet5,commons-lang,2434,3
codet5,commons-lang,2437,2
codet5,commons-lang,2440,2
codet5,commons-lang,2447,3
codet5,commons-lang,2464,3
codet5,commons-lang,2551,3
codet5,commons-lang,257,1
codet5,commons-lang,2633,2
codet5,commons-lang,283,1
codet5,commons-lang,3023,1
codet5,commons-lang,3128,1
codet5,commons-lang,3138,1
codet5,commons-lang,3212,1
codet5,commons-lang,327,2
codet5,commons-lang,327,3
codet5,commons-lang,3379,3
codet5,commons-lang,3464,2
codet5,commons-lang,3545,2
codet5,commons-lang,3586,2
codet5,commons-lang,3633,3
codet5,commons-lang,3634,1
codet5,commons-lang,3685,2
codet5,commons-lang,374,3
codet5,commons-lang,3764,3
codet5,commons-lang,442,1
codet5,commons-lang,453,1
codet5,commons-lang,456,3
codet5,commons-lang,486,1
codet5,commons-lang,523,1
codet5,commons-lang,671,2
codet5,commons-lang,671,3
codet5,commons-lang,692,1
codet5,commons-lang,750,2
codet5,commons-lang,750,3
codet5,commons-lang,808,3
codet5,commons-math,1740,1
codet5,commons-math,1834,1
codet5,commons-math,1835,2
codet5,commons-math,1849,1
codet5,commons-math,2668,3
codet5,commons-math,2702,3
codet5,commons-math,3407,3
codet5,commons-math,3457,2
codet5,commons-math,4073,3
codet5,commons-math,4106,3
codet5,commons-math,4108,2
codet5,commons-math,4118,2
codet5,commons-math,4435,3
codet5,commons-math,4541,1
codet5,commons-math,4554,3
codet5,commons-math,4558,3
codet5,commons-math,5069,3
codet5,commons-math,5647,3
codet5,commons-math,616,1
codet5,gson,599,2
codet5,gson,599,3
codet5,jackson-core,1001,3
codet5,jackson-core,109,2
codet5,jackson-core,1437,1
codet5,jackson-core,150,1
codet5,jackson-core,1537,1
codet5,jackson-core,1537,3
codet5,jackson-core,2436,1
codet5,jackson-core,2546,1
codet5,jackson-core,2546,2
codet5,jackson-core,432,2
codet5,jackson-core,585,3
codet5,jackson-core,728,2
codet5,jackson-databind,1211,2
codet5,jackson-databind,1454,3
codet5,jackson-databind,1538,3
codet5,jackson-databind,1779,3
codet5,jackson-databind,2073,3
codet5,jackson-databind,2782,2
codet5,jackson-databind,2808,2
codet5,jackson-databind,2830,2
codet5,jackson-databind,2835,2
codet5,jackson-databind,2841,2
codet5,jackson-databind,2873,2
codet5,jackson-databind,2873,3
codet5,jackson-databind,2930,1
codet5,jackson-databind,3121,3
codet5,jackson-databind,3771,1
codet5,jackson-databind,383,2
codet5,jackson-databind,3974,1
codet5,jackson-databind,497,1
codet5,jackson-databind,505,2
codet5,jackson-databind,5050,2
codet5,jackson-databind,5142,3
codet5,jackson-databind,5229,3
codet5,jackson-databind,5304,2
codet5,jackson-databind,5316,3
codet5,jackson-databind,5390,3
codet5,jackson-databind,5427,3
codet5,jackson-databind,5551,2
codet5,jackson-databind,5617,2
codet5,jackson-databind,5649,1
codet5,jackson-databind,5665,1
codet5,jackson-databind,5665,2
codet5,jackson-databind,5959,1
codet5,jackson-databind,634,1
codet5,jackson-databind,6917,2
codet5,jackson-databind,6938,1
codet5,jackson-databind,6940,3
codet5,jackson-databind,6961,3
codet5,jackson-databind,7064,3
codet5,jackson-databind,712,2
codet5,jackson-databind,7426,2
codet5,jackson-databind,7426,3
codet5,jackson-databind,7483,2
codet5,jackson-databind,7514,3
codet5,jackson-databind,950,2
codet5,jackson-databind,954,2
codet5,jackson-dataformat-xml,54,3
codet5,jackson-dataformat-xml,9,2
codet5,jfreechart,1779,1
codet5,jfreechart,2026,2
codet5,jfreechart,3162,1
codet5,jfreechart,3162,3
codet5,jfreechart,402,2
codet5,jfreechart,6443,1
codet5,jfreechart,6605,3
codet5,jfreechart,6713,2
codet5,jfreechart,6713,3
codet5,jfreechart,6761,2
codet5,jfreechart,7017,1
codet5,jfreechart,7253,3
codet5,jfreechart,7437,3
codet5,jfreechart,7983,3
codet5,jfreechart,8128,2
codet5,joda-time,1665,2
codet5,joda-time,1696,2
codet5,joda-time,1771,1
codet5,joda-time,1801,1
codet5,joda-time,1927,3
codet5,joda-time,1947,1
codet5,joda-time,1984,3
codet5,joda-time,2023,2
codet5,joda-time,2172,3
codet5,joda-time,2303,1
codet5,joda-time,2369,2
codet5,joda-time,2409,3
codet5,joda-time,2427,2
codet5,joda-time,2460,2
codet5,joda-time,2507,2
codet5,joda-time,251,2
codet5,joda-time,2528,1
codet5,joda-time,2596,3
codet5,joda-time,2696,1
codet5,joda-time,2876,2
codet5,joda-time,2910,3
codet5,joda-time,2918,2
codet5,joda-time,3017,1
codet5,joda-time,3265,2
codet5,joda-time,3296,3
codet5,joda-time,3419,1
codet5,joda-time,3419,2
codet5,joda-time,3811,2
codet5,joda-time,3845,1
codet5,joda-time,3845,2
codet5,joda-time,3854,2
codet5,joda-time,594,1
codet5,joda-time,67,2
codet5,joda-time,797,3
codet5,joda-time,905,2
codet5,jsoup,113,1
codet5,jsoup,113,3
codet5,jsoup,1148,2
codet5,jsoup,1266,1
codet5,jsoup,1266,2
codet5,jsoup,1298,1
codet5,jsoup,1363,2
codet5,jsoup,1408,3
codet5,jsoup,1481,3
codet5,jsoup,1507,2
codet5,jsoup,199,3
codet5,jsoup,471,2
codet5,jsoup,579,1
codet5,jsoup,636,1
codet5,jsoup,645,2
leam,commons-cli,191,4
leam,commons-cli,192,12
leam,commons-cli,210,3
leam,commons-cli,210,5
leam,commons-cli,210,9
leam,commons-cli,222,3
leam,commons-cli,75,1
leam,commons-collections,1543,1
leam,commons-collections,17,1
leam,commons-collections,17,8
leam,commons-collections,1841,2
leam,commons-collections,1841,4
leam,commons-collections,1961,2
leam,commons-collections,199,2
leam,commons-collections,199,27
leam,commons-collections,2034,2
leam,commons-collections,2034,4
leam,commons-collections,2881,18
leam,commons-collections,2881,5
leam,commons-collections,2909,4
leam,commons-collections,2910,4
leam,commons-collections,3083,6
leam,commons-collections,3146,1
leam,commons-collections,3146,18
leam,commons-collections,3146,9
leam,commons-collections,337,6
leam,commons-collections,337,7
leam,commons-collections,347,20
leam,commons-collections,347,25
leam,commons-collections,3498,14
leam,commons-collections,354,15
leam,commons-collections,354,6
leam,commons-collections,354,8
leam,commons-collections,3544,10
leam,commons-collections,3544,12
leam,commons-collections,3544,13
leam,commons-collections,3544,21
leam,commons-collections,517,14
leam,commons-collections,611,1
leam,commons-collections,633,2
leam,commons-collections,689,6
leam,commons-compress,212,11
leam,commons-compress,212,13
leam,commons-compress,212,6
leam,commons-compress,738,19
leam,commons-compress,871,3
leam,commons-compress,871,4
leam,commons-csv,173,10
leam,commons-csv,173,16
leam,commons-csv,173,31
leam,commons-jxpath,1218,12
leam,commons-jxpath,1218,16
leam,commons-jxpath,1218,8
leam,commons-jxpath,1401,1
leam,commons-jxpath,1401,3
leam,commons-jxpath,1401,4
leam,commons-jxpath,18,13
leam,commons-jxpath,18,2
leam,commons-jxpath,400,3
leam,commons-lang,1140,15
leam,commons-lang,1140,21
leam,commons-lang,1140,6
leam,commons-lang,1167,2
leam,commons-lang,1167,4
leam,commons-lang,1167,7
leam,commons-lang,1234,13
leam,commons-lang,1234,16
leam,commons-lang,1234,18
leam,commons-lang,135,18
leam,commons-lang,135,20
leam,commons-lang,135,3
leam,commons-lang,1424,1
leam,commons-lang,1424,16
leam,commons-lang,1489,11
leam,commons-lang,1489,21
leam,commons-lang,1496,15
leam,commons-lang,1496,16
leam,commons-lang,1496,9
leam,commons-lang,1602,15
leam,commons-lang,1602,3
leam,commons-lang,1605,14
leam,commons-lang,1615,2
leam,commons-lang,1615,4
leam,commons-lang,1897,3
leam,commons-lang,1995,1
leam,commons-lang,1995,3
leam,commons-lang,232,2
leam,commons-lang,232,5
leam,commons-lang,235,1
leam,commons-lang,241,2
leam,commons-lang,241,3
leam,commons-lang,242,3
leam,commons-lang,2541,38
leam,commons-lang,2647,1
leam,commons-lang,2647,4
leam,commons-lang,2647,5
leam,commons-lang,2836,11
leam,commons-lang,2836,14
leam,commons-lang,2863,3
leam,commons-lang,3142,2
leam,commons-lang,3145,1
leam,commons-lang,3159,4
leam,commons-lang,327,10
leam,commons-lang,327,5
leam,commons-lang,342,6
leam,commons-lang,345,3
leam,commons-lang,345,4
leam,commons-lang,373,3
leam,commons-lang,411,14
leam,commons-lang,411,22
leam,commons-lang,411,23
leam,commons-lang,493,21
leam,commons-lang,493,8
leam,commons-lang,499,4
leam,commons-lang,523,2
leam,commons-lang,523,6
leam,commons-math,2979,13
leam,commons-math,547,42
leam,commons-math,580,2
leam,gson,121,19
leam,gson,121,2
leam,gson,709,2
leam,gson,709,5
leam,gson,709,8
leam,jackson-core,1235,24
leam,jackson-core,1252,26
leam,jackson-core,1252,3
leam,jackson-core,1252,9
leam,jackson-core,1253,11
leam,jackson-core,1253,13
leam,jackson-core,1253,9
leam,jackson-core,217,18
leam,jackson-core,881,13
leam,jackson-databind,1588,20
leam,jackson-databind,1588,29
leam,jackson-databind,1588,9
leam,jackson-databind,2001,1
leam,jackson-databind,2001,10
leam,jackson-databind,2001,8
leam,jackson-databind,2195,15
leam,jackson-databind,2327,1
leam,jackson-databind,2423,1
leam,jackson-databind,2568,22
leam,jackson-databind,2620,11
leam,jackson-databind,2620,6
leam,jackson-databind,2731,24
leam,jackson-databind,2731,26
leam,jackson-databind,2865,10
leam,jackson-databind,2865,7
leam,jackson-databind,3211,10
leam,jackson-databind,3211,5
leam,jackson-databind,3212,23
leam,jackson-databind,3212,8
leam,jackson-databind,3310,2
leam,jackson-databind,3310,3
leam,jackson-databind,3400,11
leam,jackson-databind,3400,12
leam,jackson-databind,3436,7
leam,jackson-databind,3436,9
leam,jackson-databind,3886,2
leam,jackson-databind,3886,4
leam,jackson-databind,3913,16
leam,jackson-databind,3913,18
leam,jackson-databind,402,2
leam,jackson-databind,402,3
leam,jackson-databind,402,4
leam,jackson-databind,4271,2
leam,jackson-databind,4271,8
leam,jackson-databind,4530,1
leam,jackson-databind,4530,33
leam,jackson-databind,4530,7
leam,jackson-databind,4732,21
leam,jackson-databind,4768,6
leam,jackson-databind,537,6
leam,jackson-databind,541,8
leam,jackson-databind,541,9
leam,jackson-databind,5577,10
leam,jackson-databind,5577,8
leam,jackson-databind,5633,2
leam,jackson-databind,5699,10
leam,jackson-databind,5699,2
leam,jackson-databind,5699,4
leam,jackson-databind,6002,12
leam,jackson-databind,6012,13
leam,jackson-databind,6026,8
leam,jackson-databind,803,12
leam,jackson-databind,803,24
leam,jackson-dataformat-xml,148,14
leam,jackson-dataformat-xml,148,2
leam,jackson-dataformat-xml,151,2
leam,jackson-dataformat-xml,376,27
leam,jfreechart,186,12
leam,jfreechart,2394,8
leam,jfreechart,3060,12
leam,jfreechart,3060,17
leam,jfreechart,3060,21
leam,jfreechart,3369,4
leam,jfreechart,3369,5
leam,jfreechart,3701,20
leam,jfreechart,5117,4
leam,jfreechart,6034,18
leam,jfreechart,6034,30
leam,jfreechart,731,13
leam,joda-time,1002,12
leam,joda-time,1002,2
leam,joda-time,1127,14
leam,joda-time,1127,24
leam,joda-time,1144,19
leam,joda-time,1144,5
leam,joda-time,1161,3
leam,joda-time,1186,11
leam,joda-time,1186,28
leam,joda-time,1186,5
leam,joda-time,1189,1
leam,joda-time,1189,3
leam,joda-time,1371,11
leam,joda-time,1371,12
leam,joda-time,1371,15
leam,joda-time,1578,2
leam,joda-time,1578,5
leam,joda-time,1579,2
leam,joda-time,164,13
leam,joda-time,164,37
leam,joda-time,1857,1
leam,joda-time,1857,3
leam,joda-time,1857,8
leam,joda-time,1870,12
leam,joda-time,1870,17
leam,joda-time,1870,26
leam,joda-time,2069,3
leam,joda-time,2073,7
leam,joda-time,2073,9
leam,joda-time,2090,21
leam,joda-time,2090,6
leam,joda-time,2091,13
leam,joda-time,2091,20
leam,joda-time,2100,12
leam,joda-time,2100,3
leam,joda-time,2182,24
leam,joda-time,2253,5
leam,joda-time,2293,17
leam,joda-time,2293,8
leam,joda-time,2424,5
leam,joda-time,2424,6
leam,joda-time,2431,7
leam,joda-time,2570,1
leam,joda-time,2570,8
leam,joda-time,2570,9
leam,joda-time,2659,8
leam,joda-time,2659,9
leam,joda-time,2663,12
leam,joda-time,2663,4
leam,joda-time,2760,5
leam,joda-time,2774,2
leam,joda-time,2774,9
leam,joda-time,3088,5
leam,joda-time,3088,8
leam,joda-time,3276,11
leam,joda-time,3541,41
leam,joda-time,3605,2
leam,joda-time,3666,4
leam,joda-time,3666,5
leam,joda-time,386,6
leam,joda-time,386,8
leam,joda-time,389,2
leam,joda-time,413,29
leam,joda-time,457,6
leam,joda-time,876,5
leam,joda-time,876,6
leam,joda-time,876,7
leam,joda-time,962,10
leam,joda-time,962,7
leam,joda-time,986,13
leam,joda-time,986,22
leam,jsoup,1014,3
leam,jsoup,1014,4
leam,jsoup,1014,5
leam,jsoup,1016,12
leam,jsoup,1016,2
leam,jsoup,1058,14
leam,jsoup,1058,21
leam,jsoup,165,1
leam,jsoup,165,7
leam,jsoup,232,1
leam,jsoup,232,3
leam,jsoup,232,4
leam,jsoup,233,2
leam,jsoup,233,3
leam,jsoup,233,4
leam,jsoup,241,11
leam,jsoup,272,14
leam,jsoup,273,1
leam,jsoup,273,18
leam,jsoup,273,19
leam,jsoup,553,5
leam,jsoup,553,6
leam,jsoup,898,14
leam,jsoup,95,3
leam,jsoup,95,4
leam,jsoup,95,5
mubert,commons-cli,100,2
mubert,commons-cli,119,169
mubert,commons-cli,6,20
mubert,commons-collections,101,48
mubert,commons-collections,101,9
mubert,commons-collections,1213,104
mubert,commons-collections,1213,17
mubert,commons-collections,1213,297
mubert,commons-collections,1348,214
mubert,commons-collections,1353,67
mubert,commons-collections,1359,13
mubert,commons-collections,1359,33
mubert,commons-collections,1359,37
mubert,commons-collections,1475,530
mubert,commons-collections,177,55
mubert,commons-collections,177,63
mubert,commons-collections,177,8
mubert,commons-collections,1796,24
mubert,commons-collections,1796,26
mubert,commons-collections,1907,119
mubert,commons-collections,2027,154
mubert,commons-collections,2031,11
mubert,commons-collections,2031,89
mubert,commons-collections,2031,93
mubert,commons-collections,259,1
mubert,commons-collections,259,15
mubert,commons-collections,259,24
mubert,commons-collections,285,55
mubert,commons-collections,336,37
mubert,commons-collections,37,3
mubert,commons-collections,38,454
mubert,commons-collections,38,484
mubert,commons-collections,387,68
mubert,commons-collections,511,109
mubert,commons-collections,511,117
mubert,commons-collections,511,247
mubert,commons-collections,511,404
mubert,commons-collections,568,26
mubert,commons-collections,590,11
mubert,commons-collections,590,56
mubert,commons-collections,590,9
mubert,commons-collections,623,3
mubert,commons-collections,623,34
mubert,commons-collections,623,8
mubert,commons-collections,655,126
mubert,commons-collections,655,96
mubert,commons-collections,977,16
mubert,commons-collections,977,5
mubert,commons-collections,98,9
mubert,commons-compress,1004,4
mubert,commons-compress,1082,37
mubert,commons-compress,1138,108
mubert,commons-compress,1138,14
mubert,commons-compress,1138,4
mubert,commons-compress,1225,1
mubert,commons-compress,1225,13
mubert,commons-compress,1225,23
mubert,commons-csv,27,27
mubert,commons-jxpath,135,1650
mubert,commons-jxpath,239,19
mubert,commons-jxpath,239,40
mubert,commons-jxpath,438,44
mubert,commons-jxpath,536,1
mubert,commons-jxpath,536,2
mubert,commons-jxpath,536,5
mubert,commons-jxpath,543,3
mubert,commons-jxpath,543,7
mubert,commons-jxpath,62,77
mubert,commons-jxpath,645,10
mubert,commons-jxpath,645,19
mubert,commons-jxpath,645,4
mubert,commons-jxpath,849,22
mubert,commons-jxpath,849,32
mubert,commons-jxpath,849,6
mubert,commons-jxpath,867,6
mubert,commons-lang,1028,49
mubert,commons-lang,1028,58
mubert,commons-lang,1028,6
mubert,commons-lang,1180,2
mubert,commons-lang,1180,4
mubert,commons-lang,128,127
mubert,commons-lang,128,128
mubert,commons-lang,128,257
mubert,commons-lang,133,37
mubert,commons-lang,133,81
mubert,commons-lang,133,85
mubert,commons-lang,1355,11
mubert,commons-lang,1355,154
mubert,commons-lang,1355,39
mubert,commons-lang,1393,17
mubert,commons-lang,1397,6
mubert,commons-lang,1400,13
mubert,commons-lang,1402,1
mubert,commons-lang,174,2
mubert,commons-lang,179,6
mubert,commons-lang,220,71
mubert,commons-lang,284,12
mubert,commons-lang,339,4
mubert,commons-lang,339,8
mubert,commons-lang,445,6
mubert,commons-lang,445,9
mubert,commons-lang,482,13
mubert,commons-lang,490,27
mubert,commons-lang,55,3
mubert,commons-lang,590,1
mubert,commons-lang,689,9
mubert,commons-lang,723,3
mubert,commons-lang,729,23
mubert,commons-lang,734,11
mubert,commons-lang,734,18
mubert,commons-lang,734,19
mubert,commons-lang,793,23
mubert,commons-lang,793,8
mubert,commons-lang,793,9
mubert,commons-lang,8,12
mubert,commons-lang,849,21
mubert,commons-lang,849,42
mubert,commons-lang,849,43
mubert,commons-lang,876,14
mubert,commons-lang,876,17
mubert,commons-lang,881,8
mubert,commons-lang,9,423
mubert,commons-lang,952,344
mubert,commons-lang,956,374
mubert,commons-lang,997,20
mubert,commons-math,1053,99
mubert,commons-math,1070,204
mubert,commons-math,1070,96
mubert,commons-math,112,1116
mubert,commons-math,113,51
mubert,commons-math,118,12
mubert,commons-math,118,17
mubert,commons-math,118,19
mubert,commons-math,118,22
mubert,commons-math,118,9
mubert,commons-math,1273,2
mubert,commons-math,1273,3
mubert,commons-math,1452,196
mubert,commons-math,1527,107
mubert,commons-math,1527,160
mubert,commons-math,1527,57
mubert,commons-math,1577,27
mubert,commons-math,1587,9
mubert,commons-math,1694,324
mubert,commons-math,1694,417
mubert,commons-math,1694,445
mubert,commons-math,1744,201
mubert,commons-math,1865,15
mubert,commons-math,1997,224
mubert,commons-math,59,133
mubert,commons-math,59,213
mubert,commons-math,59,220
mubert,commons-math,98,129
mubert,gson,261,17
mubert,gson,261,22
mubert,gson,261,31
mubert,gson,261,32
mubert,jackson-core,232,3
mubert,jackson-core,232,6
mubert,jackson-core,256,15
mubert,jackson-core,256,6
mubert,jackson-core,256,9
mubert,jackson-core,28,1
mubert,jackson-core,28,27
mubert,jackson-core,413,23
mubert,jackson-core,450,16
mubert,jackson-core,489,741
mubert,jackson-core,749,15
mubert,jackson-databind,135,28
mubert,jackson-databind,135,52
mubert,jackson-databind,135,68
mubert,jackson-databind,1434,18
mubert,jackson-databind,1434,7
mubert,jackson-databind,158,2
mubert,jackson-databind,1586,110
mubert,jackson-databind,1586,61
mubert,jackson-databind,1641,14
mubert,jackson-databind,1641,37
mubert,jackson-databind,1641,50
mubert,jackson-databind,1641,9
mubert,jackson-databind,1856,12
mubert,jackson-databind,1856,27
mubert,jackson-databind,1856,34
mubert,jackson-databind,2080,40
mubert,jackson-databind,2092,3
mubert,jackson-databind,2092,40
mubert,jackson-databind,2174,169
mubert,jackson-databind,2174,22
mubert,jackson-databind,2174,58
mubert,jackson-databind,2175,123
mubert,jackson-databind,2184,46
mubert,jackson-databind,2184,57
mubert,jackson-databind,2267,24
mubert,jackson-databind,2267,30
mubert,jackson-databind,2274,36
mubert,jackson-databind,231,183
mubert,jackson-databind,231,278
mubert,jackson-databind,231,64
mubert,jackson-databind,2457,10
mubert,jackson-databind,2644,14
mubert,jackson-databind,2744,30
mubert,jackson-databind,2744,32
mubert,jackson-databind,2744,59
mubert,jackson-databind,2744,60
mubert,jackson-databind,2744,89
mubert,jackson-databind,2772,15
mubert,jackson-databind,2867,10
mubert,jackson-databind,2867,14
mubert,jackson-databind,2867,8
mubert,jackson-databind,313,29
mubert,jackson-databind,3187,130
mubert,jackson-databind,3187,186
mubert,jackson-databind,3187,361
mubert,jackson-databind,3187,69
mubert,jackson-databind,3238,250
mubert,jackson-databind,3238,55
mubert,jackson-databind,3238,87
mubert,jackson-databind,3294,5
mubert,jackson-databind,404,134
mubert,jackson-databind,404,15
mubert,jackson-databind,404,82
mubert,jackson-databind,561,101
mubert,jackson-databind,561,310
mubert,jackson-databind,561,77
mubert,jackson-databind,639,16
mubert,jackson-databind,639,26
mubert,jackson-databind,639,4
mubert,jackson-databind,876,22
mubert,jackson-databind,876,45
mubert,jackson-dataformat-xml,28,16
mubert,jackson-dataformat-xml,28,62
mubert,jackson-dataformat-xml,75,6
mubert,jfreechart,10,1
mubert,jfreechart,1072,25
mubert,jfreechart,1072,52
mubert,jfreechart,312,70
mubert,jfreechart,687,9
mubert,joda-time,1014,154
mubert,joda-time,1014,169
mubert,joda-time,1014,37
mubert,joda-time,1014,97
mubert,joda-time,103,3
mubert,joda-time,1077,8
mubert,joda-time,1084,1
mubert,joda-time,1142,10
mubert,joda-time,1142,25
mubert,joda-time,1142,7
mubert,joda-time,1232,17
mubert,joda-time,1232,29
mubert,joda-time,1232,8
mubert,joda-time,1236,12
mubert,joda-time,136,8
mubert,joda-time,1389,225
mubert,joda-time,1459,7
mubert,joda-time,1562,455
mubert,joda-time,1562,696
mubert,joda-time,1562,707
mubert,joda-time,1596,19
mubert,joda-time,1596,40
mubert,joda-time,1596,5
mubert,joda-time,1620,13
mubert,joda-time,1620,4
mubert,joda-time,164,60
mubert,joda-time,164,70
mubert,joda-time,1700,22
mubert,joda-time,200,5
mubert,joda-time,216,16
mubert,joda-time,234,15
mubert,joda-time,234,5
mubert,joda-time,234,50
mubert,joda-time,240,34
mubert,joda-time,240,40
mubert,joda-time,457,2
mubert,joda-time,457,23
mubert,joda-time,457,28
mubert,joda-time,462,23
mubert,joda-time,462,33
mubert,joda-time,489,8
mubert,joda-time,505,65
mubert,joda-time,636,3
mubert,joda-time,805,1543
mubert,joda-time,805,27
mubert,joda-time,805,885
mubert,joda-time,972,100
mubert,joda-time,972,188
mubert,joda-time,972,279
mubert,joda-time,980,1
mubert,jsoup,142,120
mubert,jsoup,142,200
mubert,jsoup,142,257
mubert,jsoup,2,18
mubert,jsoup,216,6
mubert,jsoup,287,3
mubert,jsoup,292,12
mubert,jsoup,338,298
mubert,jsoup,352,10
mubert,jsoup,352,22
mubert,jsoup,352,37
mubert,jsoup,356,27
mubert,jsoup,84,8
